,artist_name,track_name,release_date,genre,lyrics,len,dating,violence,world/life,night/time,shake the audience,family/gospel,romantic,communication,obscene,music,movement/places,light/visual perceptions,family/spiritual,like/girls,sadness,feelings,danceability,loudness,acousticness,instrumentalness,valence,energy,topic,age
74110,pink floyd,paranoid eyes,1983,rock,button andon shield slip fresh grip bullet proof mask break disguise question hide hide hide paranoid eye brave face slip road fix grin casually lean laugh loud rest world boys crowd hide hide hide tell black play petrify eye unlucky believe stories fame lose haze alcohol soft middle turn high hide hide hide time gentleman mild eye,57,0.001461988,0.144329363,0.081225411,0.001461988,0.001461988,0.001461988,0.001461988,0.001461988,0.001461988,0.001461988,0.193121791,0.101066743,0.001461988,0.001461988,0.459788855,0.001461988,0.342575544,0.341794221,0.769076073,0.011032389,0.091096455,0.077648872,sadness,0.528571429
30205,roger miller,when two worlds collide,1991,country,world different couldn close try reach heavens weren happen worlds collide world things sweet good world wish hearts shamble cry happen worlds collide world,24,0.002923977,0.002923977,0.559749039,0.002923977,0.002923977,0.002923977,0.095464386,0.002923977,0.002923977,0.002923977,0.002923977,0.002923977,0.002923977,0.002923977,0.241512451,0.059414474,0.667497022,0.341896777,0.483935225,1.59E-05,0.521846661,0.124096769,world/life,0.414285714
62636,cafe jazz deluxe,enormous room of silver,2016,jazz,throat flesh bone yeah go look blood look blood know come till bring flood till bring flood march forward relentlessy take ferociously cause eye eye hold let overthrow throne yeah cover blow know away away away march forward relentlessy take feriociously cause eye eye hold let come gather come gather come gather come gather,54,0.186736003,0.243527378,0.001422475,0.001422475,0.064500869,0.001422475,0.092653306,0.001422475,0.001422475,0.001422475,0.001422475,0.001422475,0.001422475,0.001422475,0.39266779,0.001422475,0.690241525,0.342050611,0.980923676,0.948380567,0.665086562,0.087258781,sadness,0.057142857
59691,brad mehldau,ron's place,1997,jazz,sound come better look shoulder know nuff come bear pill ruffneck scout music crowd jump crowd hype explode erupt blend ragga metal punk hiphop unity sound killer groove nonstop strong survive strength power alive sound come better look shoulder know skindred area bring raucous know superior yeah know get shark alive get alive get shark alive get alive get shark alive come follow get shark alive get alive get shark alive get alive get shark alive get alive come flex ragga punk power watch head twist like scorpion buzz like force fist drop plenty want know think hard come sound come better look shoulder know skindred area bring raucous know superior yeah know get shark alive get alive get shark alive get alive get shark alive come follow get shark alive come follow follow follow follow get shark alive get alive get shark alive get alive get shark alive get alive get shark alive get alive get alive get alive get shark alive come follow get shark alive get alive body body get shark alive get alive get shark alive get alive bitch come alive get alive get shark alive,190,0.000378644,0.774200512,0.000378644,0.000378644,0.015564546,0.000378644,0.000378644,0.124479246,0.08007603,0.000378645,0.000378644,0.000378644,0.000378644,0.000378644,0.000378644,0.000378644,0.464962634,0.342127529,0.890562139,0.887651822,0.349752679,0.101073027,violence,0.328571429
54919,chet baker,it's always you,1956,jazz,early twilight watch break funny roam roses lately funny touch breeze caress stroll hear merely sigh near dare untrue funny time fall breeze caress stroll hear merely sigh near dare untrue funny time fall,34,0.002506266,0.002506266,0.002506266,0.085968464,0.002506266,0.002506266,0.17600883,0.14095966,0.002506266,0.357738843,0.002506266,0.002506266,0.002506266,0.002506266,0.204236483,0.002506266,0.473627207,0.342204446,0.926706754,5.33E-05,0.295136026,0.034103968,music,0.914285714
58278,wynton marsalis,blues,1985,jazz,tell go tell go tell go tell go tell go tell go tell go tell go tell go tell go tell go tell go,24,0.002105263,0.002105263,0.002105263,0.002105263,0.002105263,0.002105263,0.002105263,0.492894856,0.002105263,0.002105263,0.002105263,0.002105263,0.002105263,0.002105263,0.002105263,0.47131567,0.503953211,0.342486475,0.955823249,0.909919028,0.368301731,0.008437501,feelings,0.5
46146,ray charles,little hotel room,1984,blues,celebration mind sippin glass wine work telephone call come think line dead place like home lonesome little hotel room plaster ceiling fall picture hang crook wall music radio play moment think play song place like home lonesome little hotel room window fall wonder wouldn true wish place like home lonesome little hotel room,53,0.001144165,0.048217877,0.001144165,0.001144165,0.001144165,0.085642521,0.001144165,0.082345059,0.001144165,0.32042406,0.225945132,0.001144165,0.001144165,0.057607967,0.166087405,0.001144165,0.511534712,0.343691511,0.791164449,3.04E-05,0.255976917,0.06053122,music,0.514285714
54499,gerry mulligan,the nearness of you,1953,jazz,pale moon excite thrill delight nearness sweet conversation bring sensation nearness arm feel close wildest dream come true need soft light enchant right hold tight feel night nearness,28,0.002770084,0.002770083,0.002770083,0.07952796,0.002770084,0.002770083,0.535162444,0.002770083,0.002770083,0.002770083,0.002770083,0.243394182,0.002770083,0.002770083,0.002770083,0.100364165,0.324163327,0.344383765,0.991967863,0.978744939,0.204451772,0.027096742,romantic,0.957142857
32527,skip james,hard time killing floor blues,1998,country,hard time kill floor blue hard time time harder time harder people driftin door door care care hear singin lonesome song time long time long long long time long long killin floor roll world think money better sure cause time gonna drive door time gonna drive door time gonna drive door hard time,53,0.001074114,0.027488527,0.029849666,0.39892583,0.001074114,0.001074114,0.001074114,0.098541868,0.001074114,0.080628509,0.260445144,0.001074114,0.020818267,0.001074114,0.001074114,0.001074114,0.505036283,0.344460683,0.829317098,0.000369433,0.248763397,0.070241233,night/time,0.314285714
26979,don williams,years from now,1981,country,cochran cook years want years hold years hold tonight true friend true friend till life tonight know world live hard time keep flame die look eye future hold years want years love years tonight,34,0.001594896,0.001594896,0.543355076,0.123457755,0.001594896,0.001594896,0.19343625,0.001594896,0.001594896,0.001594896,0.001594896,0.052709776,0.001594896,0.001594896,0.001594896,0.001594896,0.540777645,0.344486322,0.792168466,0.000182186,0.118920033,0.077748975,world/life,0.557142857
5489,leonard cohen,i tried to leave you,1974,pop,try leave close book time morning years lose pride baby cry outside work right eye goodnight darling satisfy kind narrow arm open wide work smile,25,0.050149817,0.002192983,0.002192983,0.093484322,0.002192983,0.105357309,0.172508348,0.002192983,0.002192982,0.002192983,0.142756738,0.002192983,0.002192983,0.002192983,0.407234693,0.002192983,0.486624066,0.344614517,0.862449661,0.011234818,0.100370981,0.039409439,sadness,0.657142857
58579,leon redbone,"another story, another time, another place",1988,jazz,regret hard feel good time lifetime memories go wouldn moment spend leave hurt nothin time erase someday hurtin story time place sittin suddenly smile cross face ask funny tell story time place regret hard feel hurt lose race someday hurtin go leave story time place sittin suddenly smile cross face ask funny tell story time place,56,0.001031992,0.001031992,0.333617111,0.064309452,0.001031992,0.001031992,0.001031992,0.268248397,0.07803839,0.001031992,0.001031992,0.001031992,0.001031992,0.001031992,0.156781063,0.085589695,0.623091086,0.344717073,0.861445644,0.383603239,0.519785655,0.083054446,world/life,0.457142857
55505,bill evans,i'm gettin' sentimental over you,1962,jazz,twist strangle grip feel tendons tear mean twist strangle grip feel tendons tear mean blastmaster rack grind bend survival throttle hammer deadly scream gun gun blaze force overdrive draw anger talons poison dip impale heart pound fever pitch blood pump fury fisted dynamo eager strike cross cut thundercharge blade destruction flame throw hurricane destroy cage bone crush alien salvation wing heaven send wipe rage,64,0.00228833,0.637416458,0.00228833,0.00228833,0.00228833,0.00228833,0.00228833,0.00228833,0.00228833,0.00228833,0.00228833,0.123439916,0.00228833,0.00228833,0.127835142,0.07698354,0.562439077,0.345024742,0.998995983,0.950404858,0.208573784,0.091663323,violence,0.828571429
10299,cowboy junkies,sweet jane,1988,pop,heart wouldn turn break play wouldn turn hate sweet sweet sweet sweet wait wait come home wait corner think ways home sweet sweet sweet sweet dream play lonely split apart sweet sweet sweet sweet heavenly wine roses whisper smile heavenly wine roses whisper smile sweet sweet sweet,47,0.00122399,0.00122399,0.00122399,0.06983506,0.00122399,0.00122399,0.544338167,0.091372214,0.00122399,0.135728868,0.00122399,0.00122399,0.00122399,0.00122399,0.141589827,0.00122399,0.587349724,0.345255493,0.360441125,0.083906883,0.805234955,0.20417935,romantic,0.457142857
55181,bobby darin,where is the one,1959,jazz,search make change dream wake secret door life store journey long longer reckon throng know second bind journey long longer reckon throng know second bind,25,0.002631579,0.002631579,0.463949657,0.148928785,0.002631579,0.002631579,0.002631579,0.124300667,0.002631579,0.002631579,0.223347206,0.002631579,0.002631579,0.002631579,0.002631579,0.002631579,0.179031734,0.345665718,0.872489832,0.071862348,0.06770404,0.092864562,world/life,0.871428571
61537,eliane elias,falling in love with love,2009,jazz,fall easily fall fast fall terribly hard heart wellschooled cause fool past fall easily fall fast,16,0.004048583,0.004048583,0.004048583,0.004048583,0.004048583,0.004048583,0.004048583,0.004048583,0.004048583,0.004048583,0.004048583,0.004048583,0.004048583,0.004048583,0.794385459,0.004048583,0.441135059,0.346178499,0.807228722,0.955465587,0.518755153,0.261238189,sadness,0.157142857
62337,brian blade & the fellowship band,landmarks,2014,jazz,syria pull force lebanon have come intense international pressure assassination lebanese prime minister rafik hariri report implicate syrian prosyria lebanese officials kill damascus deny involvementthe government deal harshly domestic opposition tens thousands estimate kill suppression uprise muslim brotherhood hamafollowing death hafez alassad syria undergo brief period relaxation hundreds political prisoners release real political freedoms shakeup statedominated economy materialise shutdown numerous research agencies affect government shutdown october lawmakers fail agree spend plan government scientists stay home grantmaking cease national institute health national science foundation government research ship call port space delivery second commercial cargo vehicle international space station arrive september astronauts aboard space station robotic dock crewless cygnus craft orbital sciences dull company compete spacex hawthorne california provide nasa forprofit service cygnus launch september carry kilograms supply astronauts mean stay space station month load cargo disposal return earth burn reentry island island appear arabian september apparent result magnitude earthquake shake southcentral pakistan ecigarette control pressure intensify week food drug administration tough action electronic cigarettes state attorneys general call immediate regulatory oversight products ecigarettes prove controversial tobaccocontrol advocate,176,0.001503759,0.388802597,0.00150376,0.111752743,0.001503759,0.001503759,0.001503759,0.001503759,0.175919848,0.059855873,0.00150376,0.06166164,0.092889781,0.001503759,0.001503759,0.001503759,0.349073974,0.346204138,0.931726839,0.832995951,0.099340478,0.130102962,violence,0.085714286
70535,the kingston trio,gue gue,1959,rock,mighty funny sing best song hear learn song little baby cause little baby go milky fly earth hide corner fly away sing think song little crazy cause sing mighty funny sing best song hear learn song little baby cause little baby go,42,0.120861863,0.001253133,0.001253133,0.001253133,0.001253133,0.13185215,0.001253133,0.247760048,0.001253133,0.377295627,0.001253133,0.001253133,0.073202844,0.001253133,0.032736741,0.001253133,0.381566122,0.346511807,0.649598042,4.60E-06,0.479596043,0.322301157,music,0.871428571
46444,molly hatchet,song for the children,1985,blues,seven seas seven sky lightning strike brave tatanka great tatanka small darkness come kill tatanka want future things past search freedom long stand sacred grind curse curse land tatanka stand soul mother nature spirit world endanger tatanka come stand deliver souls brave forever tale tear tale courage tatanka come river repeat battle fight damage war begin debt owe pay promise land save curse curse land today tatanka stand forefathers dream hop vision children eye forgive repeat lakota tolowan yelo channi tatanka oyate icic nahan taku umnipi nahan unkotipi lepa upelo wasicu nahan wicakasota tatanka tawowakan song lakota long time buffalo nation give survive shelter white come wipe spirit power buffalo tatanka come stand deliver souls brave live forever trail rear tale courage tatanka come tatanka come,126,0.049935226,0.25480603,0.358417659,0.000848897,0.000848896,0.000848896,0.000848896,0.000848896,0.000848896,0.049411368,0.000848896,0.000848897,0.241584864,0.000848896,0.000848896,0.000848896,0.487707137,0.346537446,0.881525985,0.905870445,0.418796373,0.179153543,world/life,0.5
54814,stan getz,everything happens to me,1955,jazz,go everybody cross paths sense meet sound streets like music ears flow beat like music ears hear years think go music gonna live repeat spiritual live miracles heart shin bright indigo invisible naked surprise world overmaximize satisfy come want mind road look window hold memoirs notebook document bar hook know reality appreciate look gotta people believe face smile read envy stay focus weave jealousy bring harm deep root stink eye slip world repeat live hear sirens bass kick guitar riff violins footsteps better place better days spend time plan life sketch away understand believe happen reason easy things control play mind want soul close need space go personal aspect highly experience coldblooded game pain build immunity emotions come opportunities handle business know friends open break defenseless repeat play game mindsets correct respect collect express chest complain bless compromise end meet think sleep week month right street know bounce feet downfall place plug leak shit time stonger piece couldn hunger want remember world poet grind pick grow midst important recipe long alive best repeat sound streets like flow beat like sound streets like flow beat like,185,0.000411184,0.000411184,0.315362884,0.02105003,0.000411184,0.000411184,0.000411184,0.046659329,0.239264209,0.104401077,0.036230627,0.074920403,0.000411184,0.000411184,0.075082171,0.000411184,0.459547276,0.346563085,0.995983932,0.428137652,0.331203627,0.056927504,world/life,0.928571429
57752,al jarreau,(a rhyme) this time,1980,jazz,time time gonna rhyme time ring time dream gonna sing gotta wing time sweets sell time scheme gonna time unfortunately dream know grind mirror remind stories tell time dream gonna bring time guitar solo unfortunately dream know grind mirror remind ring time dream gonna sing gotta wing time time time gonna rhyme time rhyme time gonna time time,58,0.000993049,0.086018156,0.000993049,0.36626558,0.000993049,0.000993049,0.000993049,0.000993049,0.000993049,0.190808179,0.000993049,0.076770119,0.000993049,0.000993049,0.000993049,0.000993049,0.673995451,0.347075866,0.769076073,0.881578947,0.255976917,0.136109156,night/time,0.571428571
59453,mel tormé,you're getting to be a habit with me,1995,jazz,know exactly start start want play realize come tell kiss like drug get habit stay arm addict charm get habit think leave couldn supply need break away regularly coffee clutch free get habit break get habit british sheet music think meet fate begin heart keep repeat diff rent get have away contribute bogle march get habit bros vitaphone production fortysecond street dubin tormé kiss like drug get habit stay arm addict charm get habit think leave couldn supply need break away regularly coffee clutch free get habit break get habit orchestral interlude clutch free like get shuteye need eternally ohhh get habit,102,0.000892061,0.000892061,0.000892061,0.000892061,0.000892061,0.000892061,0.065650983,0.278191361,0.000892061,0.024916082,0.104778288,0.000892061,0.067578431,0.041042526,0.407137599,0.000892061,0.360987761,0.34751173,0.959839317,0.001234818,0.183841715,0.025995607,sadness,0.357142857
4536,harry nilsson,early in the morning,1971,pop,early morning right little fight baby night early morning know early morning early morning blue go girlfriend house knock daddy door begin shout say early morning know early morning early morning blue go dooby somethin waitress look say sure look beat say early morning know early morning early morning blue,50,0.031081833,0.053746921,0.001096491,0.001096491,0.001096491,0.046377686,0.001096491,0.095335169,0.045364317,0.073911972,0.186490714,0.001096491,0.001096491,0.001096491,0.001096491,0.455629985,0.505036283,0.347588647,0.990963846,1.60E-05,0.412613355,0.02639602,feelings,0.7
57377,michael franks,dear little nightengale,1978,jazz,dear little nightingale come cryin forget flyin lonely beggar choosers singers song lovers losers dear little nightingale illusion paradise change pain confusion sensual poetry higher tree dear little nightingale tune rhyme sing madness moonshine distance galaxy glisten know light listen,40,0.002392345,0.002392345,0.148871098,0.002392345,0.002392345,0.141616649,0.195298323,0.002392345,0.002392345,0.348002797,0.002392345,0.132718309,0.002392345,0.002392345,0.002392345,0.002392345,0.538611502,0.348101428,0.85943761,0.004109312,0.145713108,0.143116382,music,0.6
6120,joan armatrading,somebody who loves you,1976,pop,know think stay goodbye blow smoke ceiling wanna look eye somebody love wanna wrap sheet hug inside wanna come stoke blaze cover somebody love somebody love somebody love somebody love cozy corner arm tire night stand leave long misspend passion human despise somebody love gold cafes foretell dark stranger mistake shyness costly goodbye lose somebody love somebody love wanna come stoke blaze cover mistake shyness costly goodbye lose,68,0.001012146,0.216773785,0.001012146,0.001012146,0.001012146,0.001012146,0.302472859,0.04947408,0.001012146,0.001012146,0.001012146,0.066522076,0.001012146,0.001012146,0.078657662,0.159537647,0.430304343,0.348486014,0.858433593,0.00159919,0.502267106,0.167141156,romantic,0.628571429
21237,marty robbins,if i could cry,1962,country,ease achin heart inside tear stay hide deep inside start place heart hurt deep guess pride tear start form time hold warm warm memory near guess tear start form time hold warm warm memory near guess,36,0.001547988,0.001547988,0.001547988,0.001547988,0.001547988,0.001547988,0.177699179,0.001547988,0.001547988,0.001547988,0.001547988,0.001547988,0.001547988,0.001547988,0.795985031,0.001547988,0.385898408,0.348716765,0.950803163,0.001740891,0.207543281,0.031100871,sadness,0.828571429
23672,leon russell,a song for you,1970,country,place life time sing songs rhyme act stag thousand people watch sing song know image treat unkindly darling important darling cause sing song teach precious secrets truth withhold come hide better word come listen cause hide place space time life friend life remember sing song place space time life friend life remember sing song sing song sing song sing song,60,0.000993049,0.000993049,0.419532956,0.000993049,0.000993049,0.000993049,0.042172124,0.126364279,0.000993049,0.397034911,0.000993049,0.000993049,0.000993049,0.000993049,0.000993049,0.000993049,0.453048847,0.350024357,0.976907607,2.70E-06,0.186933223,0.087158678,world/life,0.714285714
22164,bert jansch,needle of death,1965,country,sadness fill heart sorrow hide long free things wrong mind escape misery trouble young life turn needle death strange word cease bring smile tear fill eye friends walk trouble young life turn needle death grain pure white snow dissolve blood spread quickly brain peace mind withdraw death near soul feel pain trouble young life turn needle death mother stand cryin earth body slowly cast father stand silence caress young dream past trouble young life turn needle death age desire free mind release soul prove live death freedom evermore trouble young life turn needle death,94,0.000683527,0.33636295,0.183396695,0.032162116,0.000683527,0.000683527,0.000683527,0.000683527,0.000683527,0.000683527,0.000683527,0.082777773,0.272456799,0.000683527,0.083957816,0.000683527,0.483374851,0.350306387,0.957831283,0.003431174,0.179719703,0.080752072,violence,0.785714286
26701,chris ledoux,bars shouldn't have mirrors,1980,country,boot buckle jukebox bottle rodeo cowboy draw dream tomorrow winnin till look mirror hang wall weather face like leather age scar soul mirror hide drink disguise rodeo cowboy gettin bar shouldn mirror want real thing bar shouldn mirror cowboy lookin tell stories live past glory whisky winner drink raise face cause bottle mirror hold hand bar shouldn mirror,58,0.001385042,0.433333312,0.123912024,0.001385042,0.001385042,0.001385042,0.001385042,0.001385042,0.151496921,0.001385042,0.240730946,0.001385042,0.001385042,0.001385042,0.001385042,0.001385042,0.557023719,0.350690972,0.689758725,0.014676113,0.544517725,0.102074059,violence,0.571428571
3888,bob dylan,"lay, lady, lay",1969,pop,lady brass lady brass color mind shine lady brass stay lady stay stay awhile lyric commercial,16,0.32261009,0.004048583,0.004048583,0.300556818,0.004048583,0.004048583,0.004048583,0.004048583,0.004048583,0.004048583,0.004048583,0.157894737,0.004048583,0.004048583,0.004048583,0.004048583,0.49637171,0.35076789,0.357429074,0.003481781,0.395094806,0.179153543,night/time,0.728571429
59768,the ink spots,i'll never smile again,1998,jazz,smile smile laugh good tear eye heart realize romance thrill somebody heart know start smile smile smile darling smile laugh good tear eye heart realize romance child thrill somebody heart know start smile smile,34,0.001503759,0.001503759,0.001503759,0.001503759,0.001503759,0.001503759,0.225746725,0.00150376,0.001503759,0.001503759,0.001503759,0.001503759,0.00150376,0.00150376,0.630963591,0.119229532,0.193111665,0.350973002,0.976907607,0.006336032,0.221970322,0.039109129,sadness,0.314285714
59705,paul desmond,samba cepeda,1997,jazz,long long girl rapper step wanna work body body work body body work body body work body body change position yeah change position yeah position want position girl twerk yeah twerk come twerk twerk come little closer baby girl wanna feel body right life party wanna know movin wanna wanna stop music girl little girl doin girl lookin sexy doin dance goin know doin girl lookin sexy doin dance baby know gotta sexy touchin baby ecstasy lady hand think understand doin repeat repeat cutey beauty tell say enjoy say come work dirty lover come room havin private party go strip young lovely shoot dream lovely shoot savor lovely goodby shoulda go pity girl neck know hard like instead telephone spark pour soften repeat repeat repeat,125,0.097752628,0.000526316,0.023043936,0.000526316,0.033101905,0.094124001,0.056968905,0.088615804,0.329229283,0.000526316,0.000526316,0.000526316,0.000526316,0.162226212,0.000526316,0.022047198,0.457381133,0.351331949,0.939758976,0.87854251,0.390972795,0.190164898,obscene,0.328571429
26972,chris ledoux,so you want to be a cowboy,1981,country,wanna cowboy wanna rodeo nothin hold pack stuff travel highways gonna good time gonna fall hard liquor leave pills dull sense leave weak stone wanna winner better play straight open gate easy goin rodeo trail fail mighty gotta gold buckle waitin line woman better know cause take special lady follow hell stand dime treasure easy,55,0.001196172,0.139688132,0.001196172,0.001196172,0.001196172,0.001196172,0.04454415,0.001196172,0.321693562,0.001196172,0.21641751,0.001196172,0.001196172,0.001196172,0.060959517,0.001196172,0.61226037,0.351408866,0.485943259,0.000245951,0.912407255,0.298276383,obscene,0.557142857
59797,nat king cole,penthouse serenade (when we're alone),1998,jazz,picture penthouse hinge chimneys star sweet slice heaven society stay aloof live propriety roof heavenly hermits truth view life pattern view manhattan thank star live little penthouse contrive romance forever alive view drive,33,0.002631579,0.002631579,0.538103282,0.002631579,0.002631579,0.054147029,0.08085506,0.002631579,0.002631579,0.002631579,0.077592565,0.212459958,0.002631579,0.002631579,0.002631579,0.002631579,0.420556699,0.351485783,0.978915641,0.928137652,0.306471558,0.086558059,world/life,0.314285714
23180,jerry jeff walker,little bird,1968,country,little come window sill fallin rain watch little window sill thoughts picture face reflect pane tear rain remember talk say goodbye young notice world outside door time build wall tear say take shape form boundaries grip hold time foolish hand pain heart look eye grow cold picture face reflect pane tear rain regret past change life road walk look recall frame time world time think things ways course life pick road life walk give memories like handnotes world time think picture face reflect pane tear rain thoughts tumblin wonder look wonder see little wonder window sill wonder hear word picture face reflect pane tear rain,105,0.000634115,0.000634115,0.325688055,0.000634115,0.000634115,0.03450339,0.022518696,0.057353979,0.000634115,0.000634115,0.17479692,0.000634115,0.000634115,0.000634115,0.317410567,0.000634115,0.499620925,0.351716535,0.765060005,0.003431174,0.528029678,0.08565713,world/life,0.742857143
26202,dan fogelberg,the last to know,1979,country,live house card pray wind blow hard give differences strain appearances make believe thread save ache leave deathly afraid let thread entangle jealousies legal fee run away like refugees shadow eye alibi tell late victimize freedom near elude try change dream need allow easy know fall better days try damndest laugh throw childish dream away know fall better days try damndest laugh throw childish dream away know know,68,0.001052632,0.001052632,0.252922345,0.001052632,0.001052632,0.001052632,0.001052632,0.22512775,0.001052632,0.001052632,0.042428907,0.074703932,0.043572751,0.001052632,0.347560104,0.001052632,0.607928084,0.351972925,0.428714286,6.44E-06,0.569249794,0.246222705,sadness,0.585714286
29160,nanci griffith,roseville fair,1988,country,night clear star shinin moon come quiet people gather round band atunin hear playin come dress blue look lovely gentle small girl take hand dance music single smile world dance niight fiddle banjo drift tune long remember fell roseville fair court court dearly hours porch chair year go time roseville fair song lovers tune share dance night fiddle banjo roseville fair roseville fair,63,0.001144165,0.001144165,0.001144165,0.046153899,0.001144165,0.001144165,0.001144165,0.001144165,0.001144165,0.34217447,0.089258204,0.41842947,0.026228091,0.062881724,0.001144165,0.001144165,0.344741687,0.352024203,0.709839066,2.48E-06,0.814509481,0.19116593,music,0.457142857
54745,cal tjader,my one and only love,1955,jazz,yeah check want like want things yeah want want tell eye truth lie time produce tribe right right yeah right right like favorite song felt vibe like ayers kill vibes like catch relaxin tjader right bring heat like braxton homie ask music feel like hypnotical hump thump kick wish time things want say cool number check fall doubt crawl remember feel start count aone ready bounce comin realest state like buyin house style cake caseloads pocket swole canseco like naked crowd grabbin leave need guard play push forward center game play care movin like stairs pair gun shootin flare rescue things stress groove guess want check want trust different department store thousand dollar cars bar like want fall like fell heaven arm guess little extras charge card disconnect wanna brawl broads forget city spend money dinners countries know hubbies home laugh phone goin cause go song write know reason cause want want want want want,155,0.000469925,0.018874781,0.000469925,0.023550753,0.036439476,0.011338229,0.000469925,0.192607033,0.377471556,0.069132638,0.000469925,0.013651195,0.000469925,0.058035625,0.070984856,0.000469925,0.520199285,0.352639541,0.988955812,0.922064777,0.382728772,0.05432482,obscene,0.928571429
59052,chick corea,even for me,1992,jazz,reason exist star primordial mist aby generate genesis endless kiss gods lips galaxy stimulate universal energy magically sexually life spread rapidly vasectomy decimate legacy futile write life child music sound nubile probably procreate style spermatazoa devote search biological ocean controllin ovum omega flow go extra milelage cause violence seclusion refuge choosin best loop avoid coupes toy techs tool infect school systems paint rhythms like picasso usin cubism prisms eyesight explore life evehad connect rhyme mind like amoeba follow leader follow procedures secrete seed leave screamin fiendin beneath deeper ways amaze methods pay wreck afraid bless cause slay protect stage nekkid create check capacity crowd sorta orgy brothers approach kind grab wasn horny like challenge start alter definition talent knock like gallant switch position lovin tradition yeah baddest best affectionate romance bodily kiss sexin slow dance meal like gentleman treat like lady hold door mental medicine pencillin villian infect metaphysics syphillus cynical critics script fuckin right masturbate touchin bust slide style permission stickin stay rape plus spit face talkin shit place like youse addict base upliftment passe rapmade sing like usspay stink like ashtray microphone better watch everybody catch aid days careful shit,192,0.038750771,0.000683527,0.174504679,0.000683527,0.018677277,0.000683527,0.05331217,0.000683527,0.45132457,0.043561816,0.000683527,0.100422126,0.014499977,0.098111344,0.000683527,0.000683527,0.427055128,0.3532036,0.911646498,0.326923077,0.446619951,0.270247479,obscene,0.4
58631,"harry connick, jr.",do nothin' till you hear from me,1988,jazz,nothin till hear attention say tear seam dream head nothin till hear consider romance word hear baby true see mean untrue apart word heart reveal feel kiss cloud memory arm hold thrill nothin till hear baby,36,0.075565872,0.001644737,0.001644737,0.001644737,0.001644737,0.001644737,0.345408619,0.001644737,0.14575776,0.174609514,0.001644737,0.052975771,0.001644737,0.001644737,0.184300884,0.001644737,0.695656883,0.353357434,0.93473889,0.004504049,0.322959604,0.079050317,romantic,0.457142857
29719,lyle lovett,good intentions,1989,country,california shin right home days great ideas fall fall greatest fall make good reflection massive rationalization contemplate future future past wonder forgive darling trouble forget question ask forgive temporary weight gain excess water retention forgive rest fact life care mention wasn good good intentions grass grow shin face glow woman foolaround true sooner fool fool fool forgive unadulterated adulterate apprehension forgive rest fact life care mention wasn good good intentions twentysix rise young live guess process learn excess things know forgive tmeanathingtome attempt abstention forgive rest fact life ones care mention wasn good good intentions,95,0.000785546,0.000785546,0.392351572,0.000785546,0.000785546,0.000785546,0.033852757,0.221176691,0.000785546,0.000785546,0.029271091,0.097135038,0.051160926,0.000785546,0.060182642,0.106228278,0.663164735,0.354075328,0.647590008,8.58E-06,0.494023083,0.10707922,world/life,0.442857143
55209,dean martin,dream a little dream,1959,jazz,star shinin bright night breeze whisper singin sycamore tree dream little dream nightie night kiss hold tight tell miss blue dream little dream star fade linger dear crave kiss longin linger dear sayin sweet dream sunbeams sweet dream leave worry dream dream little dream,44,0.001461988,0.001461988,0.001461988,0.001461988,0.001461988,0.118978101,0.436634819,0.001461988,0.033171671,0.038356109,0.001461988,0.352391462,0.001461988,0.001461988,0.001461988,0.001461988,0.058810787,0.354434274,0.906626412,0.550607287,0.160140148,0.113085414,romantic,0.871428571
55103,anita o'day,whisper not,1958,jazz,sing sing clear sweet word whisper despair prayer sing bring thrill sentimental tune die soon lose forgive forget whisper quarrel past know constantly whisper eternally listen say wouldn gossip voice break know forget answer cupid truth whisper trouble echo past lose gloom whisper rumour,44,0.001547988,0.001547988,0.210563621,0.001547988,0.001547988,0.001547988,0.124587003,0.216559224,0.001547988,0.366108012,0.001547988,0.001547988,0.001547988,0.001547988,0.060510311,0.001547988,0.630672587,0.354998333,0.772088125,0,0.506389118,0.149122575,music,0.885714286
22023,marty robbins,turn the lights down low,1965,country,turn light feelins time dream come driftin turn hifi play certain song bring memories things keep closer heart safe lips apart wouldn hide teardrops deep inside dream light turn dream light turn light turn,34,0.001754386,0.001754386,0.001754386,0.001754386,0.001754386,0.001754386,0.044121918,0.001754386,0.001754386,0.091637806,0.001754386,0.486225941,0.001754386,0.001754386,0.351698543,0.001754386,0.350157045,0.355023973,0.98293171,0.09402834,0.071104699,0.032902729,sadness,0.785714286
66399,bounty killer,can't believe mi eyes,1999,reggae,know talk bout place bout badman bleach face cream hair tight pant badman bumboclaat believe battyman bold believe rastaman turn pussyhole believe likkle tecka cold believe believe believe hear tight pant come believe gunman battyman friend believe believe believe battyman people place believe shotta bleach face believe certain come base believe believe believe gyal know jamaica woulda believe government foul play believe believe somebody tell woulda certain certain certain water cause onetime pussyholes believe gunman bus murder believe ghetto youths live certain place believe stand mase believe believe believe little haffi believe decide believe certain believe believe believe ghetto youth think believe ghetto alizé drink believe matthews garden link believe believe believe foreign gaze believe come blaze believe tune craze believe believe believe battyman bold believe rastaman fassyhole believe likkle tecka cold believe believe believe hear tight pant come believe gunman battyman friend believe believe believe battyman people place believe shotta bleach face believe certain come base believe believe believe gyal know jamaica woulda believe government foul play believe believe somebody tell woulda certain certain certain,176,0.000510986,0.000510986,0.692543843,0.000510986,0.000510986,0.01019633,0.039312005,0.134613456,0.000510986,0.059910873,0.027620282,0.000510986,0.000510986,0.000510986,0.000510986,0.02010162,0.643669447,0.355280363,0.085039242,0,0.697032152,0.368348641,world/life,0.3
54345,george shearing,conception,1950,jazz,drink miserable miracle sink belly cherryfalls bouncin wall live dead night constant fight socialite tide darken room look gloom leave soon scar find scar grow know mean burst seam souled fuel ears leave fear know live fast smoke joke unrestrained come gonna feel pain piss drain week tire campaign interchangeable see see like trouble trouble free scar find scar grow know mean burst seam souled fuel ears leave fear know live fast scar find scar grow know mean burst seam souled fuel ears leave fear know live fast,88,0.00093985,0.330006324,0.142438803,0.00093985,0.00093985,0.00093985,0.00093985,0.258970612,0.00093985,0.00093985,0.184539356,0.00093985,0.052788365,0.00093985,0.00093985,0.00093985,0.597097368,0.355562393,0.984939744,0.925101215,0.612530915,0.166140124,violence,1
58257,diane schuur,i'll close my eyes,1984,jazz,heaven send song doors know exclusively know feel understand word close eye stand lock heart affair close eye get share lovely years moments apart close eye heart close eye get light share lovely years moments apart close eye heart close eye,41,0.001422475,0.001422475,0.001422475,0.001422475,0.001422475,0.001422475,0.275028161,0.001422475,0.001422475,0.051891754,0.001422475,0.14893902,0.001422475,0.001422475,0.502803938,0.001422475,0.192028593,0.356023896,0.787148381,0.001973684,0.077081616,0.077949181,sadness,0.514285714
55418,judy garland,do it again,1961,jazz,shouldn hadn right shouldn kiss wrong strong long begin know shouldn lips ache kiss wait know regret come near hear mama scold cause tell naughty turn light hold close arm night know tomorrow morning goodbye amen,36,0.001814882,0.001814882,0.001814882,0.226071514,0.001814882,0.038042425,0.3108796,0.273606704,0.001814882,0.001814882,0.001814882,0.125991408,0.001814882,0.001814882,0.001814882,0.001814882,0.156287231,0.356075174,0.923694703,5.24E-06,0.15704864,0.194169027,romantic,0.842857143
28340,emmylou harris,heart to heart,1985,country,heart heart hold hand hand storm life blind love vow bind heart heart hand hand stay forever till live sweet treasure time measure years stand world heart heart hand hand true word speak promise break,35,0.001644737,0.001644737,0.269050195,0.001644737,0.001644737,0.001644737,0.419968688,0.001644737,0.001644737,0.001644737,0.001644737,0.001644737,0.001644737,0.001644737,0.284665327,0.001644737,0.436802773,0.35643412,0.860441627,6.11E-05,0.135408079,0.100071994,romantic,0.5
55200,bill evans,some other time,1959,jazz,time go half things want catch time token word unspoken catch time start come time part come embrace time race catch time embrace time race catch time,27,0.00228833,0.107646145,0.00228833,0.376472432,0.00228833,0.00228833,0.00228833,0.08050949,0.00228833,0.00228833,0.358329522,0.00228833,0.00228833,0.00228833,0.00228833,0.00228833,0.377233835,0.356536677,0.994979915,0.92611336,0.066467436,0.014683942,night/time,0.871428571
57829,the crusaders,i'm so glad i'm standing here today,1981,jazz,stand today time remember fight hold head time friends try fool things heart attack couldn say hopeless tangle night strong hearts goin stand today come raise voice time song life away sing forever live break stand today lose trouble world forget remember darkest follow heart say say hopeless tangle night strong hearts goin stand today come raise voice time song life away sing forever live break stand today,68,0.000835422,0.155371651,0.3774285,0.064820196,0.000835422,0.086197038,0.000835422,0.000835422,0.000835422,0.107948463,0.000835422,0.000835422,0.000835422,0.000835422,0.197373666,0.000835422,0.441135059,0.357459683,0.312248305,0.000755061,0.299258038,0.146119478,world/life,0.557142857
23312,jerry jeff walker,old road,1969,country,road keep callin road keep callin travel travel travel harmonica harmonica lonely cold blue lonely cold blue tire hungery tire hungery tire hungery harmonica,24,0.003095975,0.003095975,0.003095975,0.003095975,0.003095975,0.003095975,0.003095975,0.003095975,0.003095975,0.56222817,0.38514025,0.003095975,0.003095975,0.003095975,0.003095976,0.003095975,0.472544135,0.357716073,0.597389154,9.60E-06,0.462077494,0.039309336,music,0.728571429
48189,lightnin' hopkins,my starter won't start this morning,1993,blues,starter start mornin motor turn starter start mornin motor turn know runnin fast trashy womens little ruin starter start mornin somethin wrong little machine know starter start mornin somethin wrong little machine mechanic right like burnin gasoline,37,0.002192982,0.002192982,0.002192982,0.002192983,0.002192982,0.280647244,0.002192982,0.222714473,0.461550562,0.002192982,0.002192983,0.002192983,0.002192982,0.002192983,0.002192983,0.002192982,0.555940648,0.357844268,0.819276927,0.031680162,0.451772465,0.187161801,obscene,0.385714286
47680,mississippi john hurt,first shot missed him,1991,blues,shoot miss mile away shoot shoot shoot cook good biscuits cook good biscuits good business good business good business good business wanna trade wanna trade wanna trade good business good business good business good business,35,0.001879699,0.144736842,0.001879699,0.001879699,0.001879699,0.294264612,0.001879699,0.001879699,0.001879699,0.001879699,0.001879699,0.001879699,0.001879699,0.001879699,0.030923358,0.394736842,0.481208708,0.358459606,0.879517951,4.07E-05,0.964962902,0.187161801,feelings,0.414285714
8260,yaz,i before e except after c,1982,pop,stop inside feel outside difference inside stop inside difference outside stop inside feel difference feel difference difference difference feel difference stop stop stop difference dragons policeman know suppose breathe breathe breathe occasionally slaughter slaughter slaughter decide definitely decide stop stop definitely stop stop definitely stop definitely decide decide decide decide stop decide basis allimportant question involve mix regeneration person voice incapable distinction frequency response entire output reveal voice actual voice voice voice voice voice voice voice type formation explain separate units link form screen detectable specially design equipment release spot type floor decide tool available stop stop tool available stop stop force tool available right,105,0.000974659,0.506718192,0.000974659,0.000974659,0.000974659,0.000974659,0.000974659,0.075217766,0.000974659,0.000974659,0.000974659,0.000974659,0.000974659,0.000974659,0.000974659,0.06225249,0.379399978,0.358946748,0.632529752,0,0.72485573,0.147120511,violence,0.542857143
49986,cream,eric clapton interview 4,2003,blues,clapton bear march english musician singer songwriter threetime inductee roll fame solo artist separately member yardbirds cream clapton refer important influential guitarists time clapton rank second roll stone magazine list greatest guitarists time fourth gibson guitarists time mids clapton leave yardbirds play blue mayall bluesbreakers immediately leave mayall clapton join cream power trio drummer baker bassist clapton play sustain blue improvisations arty bluesbased psychedelic clapton output bore influence mellow style cale reggae version shoot sheriff help reggae reach mass market popular record record dominos band form johnson crossroads record cream follow death conor clapton grief express song tear heaven feature unplug album clapton recipient grammy award award outstanding contribution music award buckingham palace service music clapton recover alcoholic drug addict found crossroads centre antigua medical facility recover substance abusers content early life early career breakthrough international success yardbirds bluesbreakers cream blind friends solo career dominos personal challenge early solo success continue success resurgence stardom collaboration albums clapton sock recent events influence legacy guitars woman tone media appearances personal life relationships children political view controversy remark immigration wealth assets charitable work award honour football clapton music film discography solo studio albums reference read external link,194,0.001196172,0.184949208,0.105404331,0.077233784,0.001196172,0.084553188,0.001196172,0.001196172,0.001196172,0.382256509,0.001196172,0.001196172,0.064119441,0.001196172,0.001196172,0.001196172,0.72056753,0.359254416,0.603413256,0,0.947444353,0.250226834,music,0.242857143
61110,benny goodman,moonglow,2007,jazz,moonglow word lange music mill record york water members dorsey brothers orchestra moonglow blue moonglow straight hear sayin dear hold fast prayin lord float right heavenly songs come moonglow blue remember moonglow give moonglow blue moonglow straight hear sayin sweet child hold fast prayin lord float right heavenly songs come moonglow blue remember moonglow give,55,0.001385042,0.001385042,0.053533848,0.035040094,0.001385042,0.05849865,0.101635986,0.001385042,0.190968398,0.371862249,0.001385042,0.001385042,0.047524718,0.001385042,0.001385042,0.001385042,0.583017437,0.359331333,0.996987949,0.697368421,0.383759275,0.100071994,music,0.185714286
47808,phish,sanity,1992,blues,sanity come come sanity come know today cause sanity come lose mind couple time lose mind lose mind couple time mind spend nickel spend dim mind lose mind trespass trespass nywhere better beware cause trespass forget rule forget pride pride need place hide pride forget rule forget pride need place hide star bright star bright star bright star bright star suck tonight star suck star bright care world explode world explode care world explode explode save whale save toads explode care sanity come come sanity come know today cause sanity come lose mind couple time lose mind lose mind couple time mind,102,0.068031157,0.000649773,0.432536925,0.198868295,0.000649773,0.000649773,0.000649773,0.000649773,0.000649773,0.000649773,0.06522383,0.166997775,0.000649773,0.000649773,0.000649773,0.000649773,0.38048305,0.359792836,0.767068039,0.000823887,0.415704864,0.128100898,world/life,0.4
54805,erroll garner,exactly like you,1955,jazz,perfect sweetheart real dream wonderful vision team imagine feel real ideal want nice live paradise live know wait know blue pray night exactly like spend money scenes exactly like feel grand want hand world understand foolish little scheme schemin dream dreamin know mother teach true mean exactly like,48,0.001594896,0.001594896,0.335376678,0.057992106,0.001594896,0.054226482,0.001594897,0.086950254,0.037091403,0.033680344,0.001594896,0.001594896,0.040721542,0.163759529,0.001594896,0.113734145,0.476876422,0.359997949,0.937750942,0.460526316,0.369332234,0.071242265,world/life,0.928571429
74586,depeche mode,somebody,1985,rock,want somebody share share rest life share innermost thoughts know intimate detail stand support return support listen want speak world live life general view wrong pervert hear easily convert think fact disagree understand want somebody care passionately think breath help things different light things detest like want tie string carefully try steer clear things asleep want somebody arm kiss tenderly things like sick like away,65,0.001052632,0.082028492,0.328970303,0.001052632,0.001052632,0.001052632,0.043825699,0.278554138,0.001052632,0.001052632,0.001052632,0.03488449,0.001052632,0.059158786,0.001052632,0.064238327,0.286255822,0.360049227,0.639557871,4.66E-05,0.435284419,0.286263995,world/life,0.5
56706,king crimson,book of saturday,1973,jazz,deceive forget game time leave laugh cause wheel touch road jumble lie tell return weigh card table back hand swear like people boys band reminiscences go astray come enjoy fray tangle night daylight sound completeness morning asleep wake crewmen bananaboat ride respond like limousine bring alive silent screen shudder breath yesterday succour needy incredible scenes believe future life death dream cavalry despair take stand lady hair favour make sweet sixteen life time book bluesy saturdays choose,76,0.001096491,0.167590416,0.346136652,0.001096491,0.001096491,0.001096491,0.057152503,0.001096491,0.001096491,0.001096491,0.372517676,0.001096491,0.001096491,0.041251875,0.001096491,0.001096491,0.363153904,0.361074789,0.605421291,0,0.185902721,0.081152484,world/life,0.671428571
28663,gordon lightfoot,i'll tag along,1986,country,time share things anytime little daydream appear give problems turn paper match afternoon cup think time take walk outside oxygen time tomorrow pack go believe best smoke ring rise disappear dream hammer dust belong turn need friend time tomorrow pack go believe best smoke ring rise disappear,47,0.001349528,0.001349528,0.425035049,0.001349528,0.001349528,0.001349528,0.001349528,0.001349528,0.001349528,0.001349528,0.426793254,0.126579254,0.001349528,0.001349528,0.001349528,0.001349528,0.568937507,0.361305541,0.884538037,0.003947368,0.689818631,0.044014187,world/life,0.485714286
29240,eddy arnold,you don't know me,1988,country,hand hello hardly speak heart beat tell think know know know dream night long kiss lips long hold tight friend know know make heart ache afraid love give hand goodbye watch walk away know love know,36,0.001503759,0.001503759,0.001503759,0.00150376,0.001503759,0.001503759,0.446171645,0.36296045,0.001503759,0.001503759,0.001503759,0.001503759,0.001503759,0.001503759,0.166807753,0.001503759,0.364236976,0.361382458,0.966867437,0.002034413,0.228153339,0.092964665,romantic,0.457142857
4949,ricky nelson,garden party,1972,pop,go garden party reminisce friends share memories play songs garden party know recognize look right learn lesson people come bring walrus magic corner surprise hughes shoe wear disguise play songs think come hear music look say hello belong sing song honkytonk time leave open closet door step goode play guitar like aringin lookin like gotta play garden party wish luck memories sing drive truck,64,0.001012146,0.001012146,0.060160312,0.001012146,0.001012146,0.001012146,0.001012146,0.063287681,0.252239837,0.344375683,0.233558207,0.001012146,0.033220384,0.001012146,0.001012146,0.001012146,0.775804181,0.361536292,0.793172483,0.019838057,0.833058533,0.24422064,music,0.685714286
40202,ruth brown,so long,1957,blues,long meet maybe darling wrong long hate world know long memories lonely apart right heart long long leave goodbye long leave goodbye long,23,0.002192982,0.002192983,0.064696918,0.452223156,0.002192982,0.002192982,0.186100684,0.076322933,0.002192983,0.002192983,0.002192983,0.002192983,0.002192983,0.002192983,0.189954554,0.002192982,0.42163977,0.361715765,0.935742907,3.69E-05,0.37139324,0.025294884,night/time,0.9
46966,mose allison,i love the life i live,1988,blues,watch like hawk mind talk touch live life life live ring money tomorrow night belong girls live life life live hundreddollar time tomorrow night cover dime week try tell people feel rock pass talk cause high forgive live life life live hundreddollar time tomorrow night cover dime week try tell people feel rock pass talk cause high forgive live life life live live life life live live life life live,70,0.000773994,0.000773994,0.527912986,0.091077798,0.000773994,0.000773994,0.000773994,0.000773994,0.344253531,0.000773994,0.000773994,0.000773994,0.000773994,0.000773994,0.000773994,0.025145777,0.588432795,0.361715765,0.930722822,0.009433198,0.696001649,0.166140124,world/life,0.457142857
43153,"crosby, stills, nash & young",right between the eyes,1971,blues,head hang heavy thoughts mind sacrilege advantage blind tell come yonder sky look right eye pain bring think beat know street people live silence lie look right eye talk experience know feel wake find wasn real truth soon appear aquarius arrive look right eye,44,0.001422475,0.388636347,0.001422475,0.064682324,0.001422475,0.001422475,0.001422475,0.33934654,0.001422475,0.001422475,0.001422475,0.130176105,0.001422475,0.001422475,0.001422475,0.057244032,0.366403119,0.362305464,0.77008009,2.31E-06,0.42497939,0.206181414,violence,0.7
25288,don williams,the ties that bind,1975,country,know stand good make difference life sweetheart tie bind little things understand simple joy bring peace mind tie bind need live kiss live kiss forever live flame heart soul hold tie bind,32,0.001754386,0.001754386,0.48310843,0.001754386,0.001754386,0.03858148,0.176622003,0.001754386,0.001754386,0.001754386,0.001754386,0.040102094,0.001754386,0.001754386,0.001754386,0.03642701,0.198527023,0.362356742,0.922690685,0.17611336,0.2858615,0.148121543,world/life,0.642857143
54457,oscar peterson,how high the moon,1952,jazz,damn damn damn damn grow accustom face make begin grow accustom tune whistle night noon smile frown down second nature like breathe breathe serenly independent content surely grow accustom look accustom voice accustom face speak infantile idea heartless wicked brainless thing regret doom eynsfordhill wretched little flat store till collector beat door teach things teach sell flower instead beg bread water husband breakfast year prematurely grey blossom cheek turn chalk come home up away socialclimbing heiress york poor simply frightful humiliate delightful poignant inevitable night hammer door tear rag miserable lonely repentant contrite hurl wall kindness treatment deserve throw baggage forgive sort position staunchly budge forgive shall crawl knees promise atone shiver moan slam door hellcat freeze hear good morning joy woes highs low second nature like breathe breathe grateful woman easy forget like habit break grow accustom accustom face,140,0.00074129,0.364129455,0.180712806,0.025552985,0.00074129,0.05515063,0.00074129,0.00074129,0.00074129,0.057892113,0.111151467,0.00074129,0.019334026,0.065542299,0.076833605,0.01568371,0.531030001,0.36266441,0.998995983,0.962550607,0.143652102,0.10707922,violence,0.971428571
21614,patsy cline,back in baby's arms,1963,country,baby arm miss lovin arm belong baby arm know quarrel hurt quarrel anymore baby arm miss lovin arm belong baby arm think need take away belong baby arm gonna stay baby arm miss lovin arm belong baby arm baby arm baby arm baby arm,44,0.327990751,0.00122399,0.00122399,0.00122399,0.00122399,0.00122399,0.428869372,0.00122399,0.00122399,0.00122399,0.00122399,0.00122399,0.00122399,0.00122399,0.199922538,0.00122399,0.695656883,0.362818245,0.719879237,0,0.740313273,0.234210318,romantic,0.814285714
59964,esbjörn svensson trio,from gagarin's point of view,1999,jazz,credo deum patrem omnipotentem creatorem caeli terrae iesum christum filium eius unicum dominum nostrum conceptus spiritu sancto night come killers cross land plague come prophecies fate word long forsake stone grave tell brave legacy forget hand heaven send come fight defend word praise holy ereum dominae night come killers cross light moon live lose dark blood call dusk fever crawl night come killers cross destiny bring hypocrisy hate land long part stand grind heavens pain raise flame ereum dominae lose life killers cross light moon live lose dark blood call dusk fever crawl night come killers cross lose life killers cross light moon live lose dark blood call dusk fever crawl night come killers cross night killers cross night killers cross light moon live lose light moon live lose dark blood call dusk fever crawl lose life killers cross light moon live lose dark blood call dusk fever crawl night come killers cross,153,0.000526316,0.476866803,0.119499116,0.060852812,0.000526316,0.000526316,0.000526316,0.000526316,0.000526316,0.000526316,0.000526316,0.280817209,0.000526316,0.000526316,0.000526316,0.000526316,0.620924943,0.362869523,0.539156164,0.882591093,0.099340478,0.027797465,violence,0.3
4818,todd rundgren,intro,1972,pop,like game game call sound studio play record include play play favorite record surprise pair headphones better crank cause gonna help sure recognize hiss noise call hiss come record master lousy mono reprocess stereo number things hum noise course pop sound edit happen machine gain control mangle tape machine noise punch out sound record find win course,57,0.001879699,0.001879699,0.001879699,0.001879699,0.001879699,0.0018797,0.001879699,0.213240603,0.259955626,0.429261665,0.001879699,0.001879699,0.001879699,0.001879699,0.001879699,0.001879699,0.67291238,0.362997718,0.520079839,0,0.370362737,0.109081285,music,0.685714286
40222,ella fitzgerald,mood indigo,1957,blues,blue blue till mood indigo feelin go stealin shoe sigh long blue mood indigo baby say goodbye evenin light lonesome cause care soul bluer blue mood indigo,27,0.071564968,0.002770083,0.002770083,0.002770083,0.002770083,0.002770083,0.184754293,0.099224517,0.002770083,0.446500504,0.002770083,0.064862617,0.002770083,0.002770083,0.002770083,0.09708202,0.321997184,0.362997718,0.970883505,1.49E-05,0.134377576,0.055025542,music,0.9
871,harry belafonte,a hole in the bucket,1960,pop,hole bucket dear dear hole bucket dear hole dear dear dear dear dear dear dear dear straw dear dear dear straw dear dear straw straw long dear dear straw long dear long dear dear dear dear dear dear dear dear dear dear dear dear dull dear dear dull dear dull sharpen dear dear dear sharpen dear dear sharpen sharpen dear dear sharpen dear stone dear dear dear stone dear dear stone stone dear dear stone dear dear dear dear dear dear dear dear dear water dear dear dear water dear dear water dear dear dear bucket dear dear dear bucket dear dear bucket hole bucket dear dear hole bucket dear hole,111,0.000572082,0.080604437,0.000572082,0.000572082,0.000572082,0.000572082,0.837528604,0.000572082,0.000572082,0.000572082,0.000572082,0.000572082,0.000572082,0.000572082,0.000572082,0.000572082,0.444384274,0.364228393,0.827309064,0,0.875309151,0.118090575,romantic,0.857142857
26793,don williams,i believe in you,1980,country,believe superstars organic food foreign cars believe gold certainty grow right right leave wrong north south east east best believe believe baby believe believe believe heaven wait congregate like think watchin people know care ordinary wonder believe believe music believe magic believe know certainty go good thing true believe believe virginity common work days sleep nights black black white white superman hood alive hollywood gasoline short supply rise cost gettin believe believe folks believe children believe believe believe baby believe believe,81,0.037511242,0.071555752,0.508025192,0.046732014,0.000848896,0.000848896,0.000848896,0.090882622,0.031385268,0.016391212,0.079766898,0.048225791,0.039289125,0.000848896,0.000848896,0.023443713,0.487707137,0.364869369,0.88353402,0.005799595,0.501236603,0.212187608,world/life,0.571428571
54899,julie london,moments like this,1956,jazz,moments like thrill careless moments like close nonchalantly dine dance heart melt glance moments like soft light aglow long kiss know affairs moments like care affairs moments like care,29,0.003095975,0.003095975,0.003095975,0.003095976,0.003095975,0.003095975,0.436571526,0.003095976,0.003095975,0.003095975,0.003095975,0.151850359,0.003095975,0.36204251,0.003095975,0.003095975,0.352323189,0.364920647,0.908634446,0.000433198,0.137469085,0.028798497,romantic,0.914285714
54572,oscar peterson,bill,1954,jazz,peterson trio half appeal heart yield begin bring lips close cheek smile lose recall kiss eye touch hand make weak heart dizzy fall fell fell spell catch undertow,28,0.002631579,0.002631579,0.002631579,0.002631579,0.002631579,0.002631579,0.365010549,0.002631579,0.002631579,0.002631579,0.002631579,0.002631579,0.002631579,0.002631579,0.590252608,0.002631579,0.423805914,0.365253955,0.997991966,0.957489879,0.277617477,0.099671581,sadness,0.942857143
4294,joan baez,i live one day at a time,1970,pop,live time dream dream time yesterday dead tomorrow blind live time surprise home know miss go long plan stay cross mind live time live time dream dream time yesterday dead tomorrow blind live time swallow flyin cloudy searchin patch high long follow time live time live time dream dream time yesterday dead tomorrow blind live time live time,58,0.000974659,0.105122304,0.539330229,0.289634272,0.000974659,0.000974659,0.000974659,0.000974659,0.000974659,0.020646039,0.000974659,0.000974659,0.000974659,0.000974659,0.000974659,0.031621932,0.454131918,0.36566418,0.76003992,0,0.379637263,0.11608851,world/life,0.714285714
47271,dave van ronk,"hang me, oh hang me",1989,blues,hang hang dead go hang hang dead go wouldn mind hang lay grave long poor world cape girardeau part arkansas cape girardeau part arkansas goddamn hungry hide straw world go mountain stand go mountain stand rifle shoulder dagger hand poor world hang hang dead go hang hang dead go wouldn mind hang lay grave long poor world rope neck hang high rope neck hang high word hear long fore poor world hang hang dead go hang hang dead go wouldn mind hang lay grave long poor world,87,0.000720981,0.307934959,0.098583425,0.076238353,0.000720981,0.07481475,0.000720981,0.000720981,0.000720981,0.000720981,0.365745579,0.000720981,0.000720981,0.000720981,0.000720981,0.067310186,0.487707137,0.365689819,0.927710771,1.09E-05,0.431162407,0.026295916,violence,0.442857143
41006,ray charles,"music, music, music",1961,blues,nickel nickelodeon want have music music music want want kiss music music music closer dear come closer nicest dance close nickel nickelodeon want love music music music,27,0.00228833,0.00228833,0.00228833,0.126787656,0.00228833,0.00228833,0.167783094,0.00228833,0.00228833,0.438078773,0.00228833,0.05911249,0.00228833,0.00228833,0.00228833,0.00228833,0.522365428,0.365843653,0.779116244,0.953441296,0.824814509,0.179153543,music,0.842857143
55793,astrud gilberto,look to the rainbow,1965,jazz,bear say father say elegant legacy waitin rhyme lips song heart sing world fall apart look look look rainbow follow stream look look look rainbow follow fellow follow dream follow fellow follow fellow follow fellow follow dream twas sumptuous bequeath child lure song keep feet funnin wild grow stand whippoorwills singin look look look rainbow follow stream look look look rainbow follow fellow follow dream follow fellow follow fellow follow fellow follow dream,73,0.001031992,0.344556347,0.139177167,0.001031992,0.001031992,0.001031992,0.001031992,0.001031992,0.029120434,0.079387461,0.001031992,0.001031992,0.080053879,0.233169137,0.082151673,0.001031992,0.63933716,0.366125683,0.962851368,0.180161943,0.488870569,0.142115349,violence,0.785714286
26655,don williams,just enough love (for one woman),1980,country,woman woman woman woman like know answer dream help choose want lose mean cause woman woman woman woman heaven miss resist look cause woman woman woman woman,27,0.001949318,0.001949318,0.001949318,0.001949318,0.001949318,0.001949318,0.55604288,0.282561573,0.001949318,0.001949318,0.001949318,0.001949318,0.001949318,0.06217227,0.001949318,0.001949318,0.831040832,0.366151322,0.841365303,0.000651822,0.941261336,0.174148382,romantic,0.571428571
40522,ella fitzgerald,"oh, doctor jesus",1958,blues,kneel doctor trouble water gallerie porgy amen likewise devil afflict time time porgy time time doctor sister head father devil steep place like time time porgy time time cripple porgy allelujah woman time time save sake amen porgy amen right porgy doctor clock woman goin morning catfish activity street vendors call,51,0.001644737,0.258224231,0.001644737,0.406106784,0.001644737,0.167157793,0.001644737,0.001644737,0.001644737,0.001644737,0.071038086,0.001644737,0.074446789,0.001644737,0.001644737,0.001644737,0.276508177,0.366151322,0.974899573,0,0.186933223,0.030300045,night/time,0.885714286
59329,digable planets,highing fly,1994,jazz,glide corner bout peace hour slide space mate life go place rehearse wind play joint limp concrete hell buzz afros cubatas round ball cuff happen happen nigga honey bomb tape baby cut jazzy core kick butter flow shit ninety million kick time countdown gimme countdown word right block block block block,51,0.036631874,0.001754386,0.140212045,0.001754386,0.001754386,0.001754386,0.001754386,0.001754386,0.604760366,0.001754386,0.134797301,0.059037009,0.001754386,0.001754386,0.001754386,0.001754386,0.799631756,0.366176961,0.257027366,0.925101215,0.436314922,0.246222705,obscene,0.371428571
40912,john lee hooker,one of these days,1960,blues,looka tell story friends know world know jimi hendrix joplin pass needle loss wonderful world dope addict dope addict better watch dope addict dope addict watch days days pass stop shootin needle stop swallowin stop shootin needle stop swallowin pills needle heavy heart know young folks hook doom young folks hook doom better kick long yeah drug addict drug addict better wise drug addict drug addict better wise days number days number know better kick better kick needle heavy heavy heavy heavy heart heart heavy heavy better kick right know better kick know hard better suffer kick better suffer kick suffer kick heavy,103,0.000835422,0.000835422,0.145049464,0.000835422,0.017780703,0.134065773,0.000835422,0.084420129,0.509133504,0.000835422,0.000835422,0.000835422,0.000835422,0.000835422,0.055238151,0.000835422,0.409725983,0.366433351,0.864457695,0.007165992,0.099340478,0.02299251,obscene,0.857142857
1102,joan baez,mary hamilton,1960,pop,word kitchen go word word madam queen worst bear babe highest rise arise arise tell thou hast babe hear weep thee tiny boat cast sink swim come rise arise arise come wed glasgow night rob black rob rob white ride glasgow ride glasgow city bailiff wife provost wife cry alack alas thee need weep cry need weep slay babe death little mother think cradle land travel death night wash queen feet gold hair reward gallows share cast cast gown cry petticoat napkin round face gallows come look pitiful come come tonight dine hold tongue sovereign liege folly mind save life sham night tonight beaton seton carmichael,106,0.128105219,0.352901823,0.054812222,0.093273818,0.027407094,0.000907441,0.000907441,0.000907441,0.000907441,0.000907441,0.249991261,0.000907441,0.062517047,0.000907441,0.000907441,0.000907441,0.40106141,0.366484629,0.929718805,0.00016498,0.242580379,0.019388794,violence,0.857142857
44180,ry cooder,yellow roses,1976,blues,devines receive sweetheart yellow roses tell mean tell tonight heart break know true place near photograph petals fall hide lonely tear shouldn fall slowly fade away yellow roses good,29,0.002631579,0.002631579,0.002631579,0.056856545,0.002631579,0.002631579,0.002631579,0.222474543,0.002631579,0.002631579,0.002631579,0.002631579,0.002631579,0.002631579,0.628308678,0.05288655,0.30575111,0.366535907,0.784136329,0.027834008,0.140560594,0.115087478,sadness,0.628571429
55195,cal tjader,invitation,1959,jazz,gate come know sick touch clue outrap point movement bigger picture try mood yeah candle flicker little licker couple swish try understand mission try soak wisdom miss pollution look start confuse dude brain buzz admit know start punch say point like close point head hitup hand block hell jam judge feel cool understand offend improbable holla verbal assault head shit break neck trust loud get improbable holla verbal assault head shit break neck trust loud get mean meditate basis underrate concern create sit baby mama raise record go play word wordsmith like wordsworth learn curve ahead time rhyme sound like worst worst yeah probmatik flow million flow crew crew expectations miss forgive mood world palm hand beauty land feel like shout shed light introduction rest life like,127,0.01693676,0.263555747,0.095325785,0.000666223,0.026751691,0.029293408,0.000666223,0.11403659,0.36013407,0.000666223,0.000666223,0.027675088,0.000666223,0.000666223,0.000666223,0.059628636,0.657749377,0.367253801,0.948795129,0.711538462,0.38582028,0.133106059,obscene,0.871428571
54994,dean martin,it's easy to remember,1957,jazz,sweet expression smile give look easy remember hard forget hear whisper know easy remember hard forget dream hand caress finger press tight dream lonely feel steal night little moment clear bring regret easy remember hard forget dream hand caress finger press tight dream lonely feel steal night little moment clear bring regret easy remember hard forget,56,0.001012146,0.001012146,0.414187466,0.001012146,0.001012146,0.081092148,0.287090991,0.001012146,0.001012146,0.03182694,0.001012146,0.001012146,0.001012146,0.001012146,0.09070978,0.031427811,0.410809054,0.367535831,0.949799146,0.006912955,0.259068425,0.059530188,world/life,0.9
59060,nat king cole trio,smoke gets in your eyes,1992,jazz,know true true course reply dear inside deny say blind heart realize smoke get eye chaff gaily laugh think doubt today fly away laugh friends deride tear hide smile lovely flame die smoke get eye smoke get eye,38,0.001594896,0.001594896,0.001594896,0.001594896,0.001594896,0.001594896,0.110997034,0.226250396,0.112634954,0.001594896,0.001594896,0.123045179,0.001594896,0.001594896,0.404743887,0.001594896,0.57110365,0.368125529,0.998995983,0.950404858,0.234336356,0.068139065,sadness,0.4
71751,john lennon,love,1970,rock,real real feel feel want love touch touch reach reach ask love know free free live live need love,19,0.002631579,0.002631579,0.148081016,0.002631579,0.002631579,0.002631579,0.373517745,0.079908552,0.002631579,0.002631579,0.002631579,0.002631579,0.105867975,0.002631579,0.002631579,0.206384714,0.597097368,0.368176807,0.890562139,0.019939271,0.136438582,0.060931633,romantic,0.714285714
22412,bert jansch,along the way,1966,country,sing october song song word tune joy sorrow bore brambly briars even bird leave faiien leave grind know die leave gold hearts shadow iying hunger call footsteps home morning follow swim seas mind pine tree laugh green iaughter search happiness follow pleasure door mind greatest treasure rulers like laws rebel like break poor priests like walk chain time say go long know somelimes want murder time heart ache stroll path take sing october song song word tune joy sorrow bore brambly briars cool even bird ieaving,86,0.000923361,0.000923361,0.000923361,0.079219476,0.000923361,0.000923361,0.000923361,0.000923361,0.000923361,0.357439601,0.000923361,0.159911209,0.046122021,0.031598588,0.259295544,0.000923361,0.279757392,0.368202446,0.786144364,0.54048583,0.510511129,0.122094704,music,0.771428571
47071,"crosby, stills, nash & young",don't say goodbye,1988,blues,leave goodbye wanna face world leave goodbye wanna lose last tell goodbye wanna live life tell goodbye wanna walk away open heart apart heart sleeve start leave leave open heart apart believe start leave leave leave goodbye wanna live life leave goodbye wanna lose last,45,0.00122399,0.00122399,0.155466164,0.00122399,0.00122399,0.00122399,0.174757051,0.00122399,0.00122399,0.00122399,0.00122399,0.00122399,0.00122399,0.00122399,0.474318147,0.00122399,0.431387415,0.368202446,0.978915641,0.00541498,0.274525969,0.055826368,sadness,0.457142857
21603,patsy cline,why can't he be you,1963,country,take place tell love give love true fail tell mind hear time things love true dominate mind soul cause love know kiss leave cold send flower call hour prove friends speak things love true,34,0.001547988,0.001547988,0.001547988,0.001547988,0.001547988,0.001547988,0.386720289,0.52468109,0.001547988,0.063830818,0.001547988,0.001547988,0.001547988,0.001547988,0.001547988,0.001547988,0.372901549,0.368305002,0.902610344,1.65E-06,0.32502061,0.063133904,romantic,0.814285714
5660,buddy holly,true love ways,1974,pop,know know true ways sigh know know true ways days true ways bring joy share care sigh know know true ways days true ways bring joy share care sigh know know true ways,33,0.001644737,0.001644737,0.40776858,0.001644737,0.001644737,0.001644737,0.24361658,0.32229905,0.001644737,0.001644737,0.001644737,0.001644737,0.001644737,0.001644737,0.001644737,0.001644737,0.274342034,0.36863831,0.809236756,0.00645749,0.327081616,0.084055478,world/life,0.657142857
59232,rosemary clooney,i wish you love,1993,jazz,beachcharles trenet wish bluebirds spring heart song sing kiss wish july lemonade cool leafy glade wish health wealth wish break heart agree best best free wish shelter cozy warm snowflakes fall wish,32,0.002631579,0.002631579,0.002631579,0.002631579,0.002631579,0.002631579,0.074342403,0.115087229,0.002631579,0.190221443,0.002631579,0.002631579,0.053123086,0.002631579,0.483460705,0.002631579,0.431387415,0.368817783,0.956827266,0.003208502,0.25700742,0.067838755,sadness,0.385714286
39743,josh white,call me darling,1951,blues,know right know hear head childs hear loud right talk muthafucka hear fucker swoll muthafucka shell deflate know know fuck young toucan smell nigga cowards force hand real shoot make band steelo grand deal niggas baker bomb crack lick round like taliban mark vans think reign forever spoil plan hard muthafucka leave stand gatling island slaughterhouses bout get cream bitch slug crutches exclusive white mustard flow leave fluster gargle lungs staple note little tongue broadway landmark childs landmark broad daylight dark step close play like catch rib play like baby mother movies play like shit game nigga play play fucker nigga nigga turn fuck muthafucka btown nigga slaughterhouses killa blood,110,0.019908557,0.135535575,0.000809717,0.000809717,0.000809717,0.019195464,0.000809717,0.000809717,0.714064331,0.064962706,0.000809717,0.000809717,0.020263674,0.000809717,0.000809717,0.000809717,0.529946929,0.368869061,0.981927693,0.932186235,0.323990107,0.056026575,obscene,0.985714286
58199,george benson,out of the blue,1984,jazz,better depart know know heart leave home take go fell bring misery pain guess fell snub guess light blue night fell fell,22,0.002506266,0.002506266,0.002506266,0.002506266,0.002506266,0.002506266,0.002506266,0.236375827,0.002506266,0.171023053,0.002506266,0.121721373,0.002506266,0.002506266,0.433285761,0.002506266,0.435719701,0.368971618,0.989959829,0.007125506,0.174567189,0.075046188,sadness,0.514285714
58752,doris day,you won't be satisfied (until you break my heart),1989,jazz,satisfy break heart satisfy teardrops start try shower kiss naggin braggin poor heart saggin toss heart cryin shame wouldn like tearin dream apart satisfy break heart toss heart cryin shame wouldn like tearin dream apart satisfy break heart,38,0.001879699,0.001879699,0.001879699,0.001879699,0.106951343,0.062334455,0.091996597,0.001879699,0.001879699,0.001879699,0.001879699,0.001879699,0.001879699,0.064000626,0.648401188,0.001879699,0.54402686,0.369048535,0.993975898,0.001315789,0.208573784,0.018888278,sadness,0.442857143
68303,scientist,the voodoo curse,2010,reggae,voodoo dropper corner hell head like goat eye like crow bone go steady slow survive deadly desire bathe gasoline breathe deep lungs forth possess world pink preacher tongue author demise tragedy capitalize chapter unmolested sentence disguise sick amore dead poets hungry wolves sick amore blister sores lips gods ears need miracle cure exist pale scientists labs pandemics test tube desert plague arrive lepers gate sip tiger bone wine drip like crime scene sweet moon mermaid leather hailstorm wag trench violent beach bruise orange black peach catch sick amore lock break heart sick amore blister sores sick amore pentagram beast sick amore bible priest,103,0.001422475,0.651522313,0.001422475,0.001422475,0.023230858,0.001422475,0.115349768,0.001422475,0.001422475,0.001422475,0.001422475,0.045890076,0.001422475,0.108625854,0.001422475,0.001422476,0.737896675,0.369253647,0.124497113,0.736842105,0.510511129,0.327306318,violence,0.142857143